nom_du_verre,gamme,serie,variante,hauteur_min,hauteur_max,traitement_protection,traitement_photochromique,materiau,indice,fournisseur,url_gravure,url_source
ABSOLU,STANDARD,INCONNU,STANDARD,14,14,OUI,OUI,ORGANIQUE,1.5,MEGA OPTIC,ABU,https://www.france-optique.com/gravures/fournisseur=644
ABSOLU,STANDARD,INCONNU,STANDARD,14,14,OUI,OUI,ORGANIQUE,1.53,MEGA OPTIC,ABU,https://www.france-optique.com/gravures/fournisseur=644
ABSOLU,STANDARD,INCONNU,STANDARD,14,14,OUI,OUI,ORGANIQUE,1.59,MEGA OPTIC,ABU,https://www.france-optique.com/gravures/fournisseur=644
ABSOLU,STANDARD,INCONNU,STANDARD,14,14,OUI,OUI,ORGANIQUE,1.6,MEGA OPTIC,ABU,https://www.france-optique.com/gravures/fournisseur=644
ABSOLU,STANDARD,INCONNU,STANDARD,14,14,OUI,OUI,ORGANIQUE,1.67,MEGA OPTIC,ABU,https://www.france-optique.com/gravures/fournisseur=644
ABSOLU,STANDARD,INCONNU,STANDARD,14,14,OUI,OUI,ORGANIQUE,1.74,MEGA OPTIC,ABU,https://www.france-optique.com/gravures/fournisseur=644
ABSOLU,STANDARD,INCONNU,STANDARD,14,14,OUI,OUI,ORGANIQUE,1.5,MEGA OPTIC,ABS,https://www.france-optique.com/gravures/fournisseur=644
ABSOLU,STANDARD,INCONNU,STANDARD,14,14,OUI,OUI,ORGANIQUE,1.53,MEGA OPTIC,ABS,https://www.france-optique.com/gravures/fournisseur=644
ABSOLU,STANDARD,INCONNU,STANDARD,14,14,OUI,OUI,ORGANIQUE,1.59,MEGA OPTIC,ABS,https://www.france-optique.com/gravures/fournisseur=644
ABSOLU,STANDARD,INCONNU,STANDARD,14,14,OUI,OUI,ORGANIQUE,1.6,MEGA OPTIC,ABS,https://www.france-optique.com/gravures/fournisseur=644
ABSOLU,STANDARD,INCONNU,STANDARD,14,14,OUI,OUI,ORGANIQUE,1.67,MEGA OPTIC,ABS,https://www.france-optique.com/gravures/fournisseur=644
ABSOLU,STANDARD,INCONNU,STANDARD,14,14,OUI,OUI,ORGANIQUE,1.74,MEGA OPTIC,ABS,https://www.france-optique.com/gravures/fournisseur=644
ABSOLU,STANDARD,INCONNU,STANDARD,14,14,OUI,OUI,ORGANIQUE,1.5,MEGA OPTIC,ABE,https://www.france-optique.com/gravures/fournisseur=644
ABSOLU,STANDARD,INCONNU,STANDARD,14,14,OUI,OUI,ORGANIQUE,1.53,MEGA OPTIC,ABE,https://www.france-optique.com/gravures/fournisseur=644
ABSOLU,STANDARD,INCONNU,STANDARD,14,14,OUI,OUI,ORGANIQUE,1.59,MEGA OPTIC,ABE,https://www.france-optique.com/gravures/fournisseur=644
ABSOLU,STANDARD,INCONNU,STANDARD,14,14,OUI,OUI,ORGANIQUE,1.6,MEGA OPTIC,ABE,https://www.france-optique.com/gravures/fournisseur=644
ABSOLU,STANDARD,INCONNU,STANDARD,14,14,OUI,OUI,ORGANIQUE,1.67,MEGA OPTIC,ABE,https://www.france-optique.com/gravures/fournisseur=644
ABSOLU,STANDARD,INCONNU,STANDARD,14,14,OUI,OUI,ORGANIQUE,1.74,MEGA OPTIC,ABE,https://www.france-optique.com/gravures/fournisseur=644
ATRIA,STANDARD,INCONNU,STANDARD,14,14,OUI,OUI,ORGANIQUE,1.5,MEGA OPTIC,IA,https://www.france-optique.com/gravures/fournisseur=644
ATRIA,STANDARD,INCONNU,STANDARD,14,14,OUI,OUI,ORGANIQUE,1.53,MEGA OPTIC,IA,https://www.france-optique.com/gravures/fournisseur=644
ATRIA,STANDARD,INCONNU,STANDARD,14,14,OUI,OUI,ORGANIQUE,1.59,MEGA OPTIC,IA,https://www.france-optique.com/gravures/fournisseur=644
ATRIA,STANDARD,INCONNU,STANDARD,14,14,OUI,OUI,ORGANIQUE,1.6,MEGA OPTIC,IA,https://www.france-optique.com/gravures/fournisseur=644
ATRIA,STANDARD,INCONNU,STANDARD,14,14,OUI,OUI,ORGANIQUE,1.67,MEGA OPTIC,IA,https://www.france-optique.com/gravures/fournisseur=644
ATRIA,STANDARD,INCONNU,STANDARD,14,14,OUI,OUI,ORGANIQUE,1.74,MEGA OPTIC,IA,https://www.france-optique.com/gravures/fournisseur=644
3D,STANDARD,INCONNU,ADAPTATIF,14,14,OUI,OUI,ORGANIQUE,1.5,MEGA OPTIC,3DFIT,https://www.france-optique.com/gravures/fournisseur=644
3D,STANDARD,INCONNU,ADAPTATIF,14,14,OUI,OUI,ORGANIQUE,1.53,MEGA OPTIC,3DFIT,https://www.france-optique.com/gravures/fournisseur=644
3D,STANDARD,INCONNU,ADAPTATIF,14,14,OUI,OUI,ORGANIQUE,1.59,MEGA OPTIC,3DFIT,https://www.france-optique.com/gravures/fournisseur=644
3D,STANDARD,INCONNU,ADAPTATIF,14,14,OUI,OUI,ORGANIQUE,1.6,MEGA OPTIC,3DFIT,https://www.france-optique.com/gravures/fournisseur=644
3D,STANDARD,INCONNU,ADAPTATIF,14,14,OUI,OUI,ORGANIQUE,1.67,MEGA OPTIC,3DFIT,https://www.france-optique.com/gravures/fournisseur=644
3D,STANDARD,INCONNU,ADAPTATIF,14,14,OUI,OUI,ORGANIQUE,1.74,MEGA OPTIC,3DFIT,https://www.france-optique.com/gravures/fournisseur=644
3D,STANDARD,INCONNU,STANDARD,14,14,OUI,OUI,ORGANIQUE,1.5,MEGA OPTIC,3DFT,https://www.france-optique.com/gravures/fournisseur=644
3D,STANDARD,INCONNU,STANDARD,14,14,OUI,OUI,ORGANIQUE,1.53,MEGA OPTIC,3DFT,https://www.france-optique.com/gravures/fournisseur=644
3D,STANDARD,INCONNU,STANDARD,14,14,OUI,OUI,ORGANIQUE,1.59,MEGA OPTIC,3DFT,https://www.france-optique.com/gravures/fournisseur=644
3D,STANDARD,INCONNU,STANDARD,14,14,OUI,OUI,ORGANIQUE,1.6,MEGA OPTIC,3DFT,https://www.france-optique.com/gravures/fournisseur=644
3D,STANDARD,INCONNU,STANDARD,14,14,OUI,OUI,ORGANIQUE,1.67,MEGA OPTIC,3DFT,https://www.france-optique.com/gravures/fournisseur=644
3D,STANDARD,INCONNU,STANDARD,14,14,OUI,OUI,ORGANIQUE,1.74,MEGA OPTIC,3DFT,https://www.france-optique.com/gravures/fournisseur=644
VIPHD,STANDARD,INCONNU,STANDARD,14,14,OUI,OUI,ORGANIQUE,1.5,MEGA OPTIC,VI,https://www.france-optique.com/gravures/fournisseur=644
VIPHD,STANDARD,INCONNU,STANDARD,14,14,OUI,OUI,ORGANIQUE,1.53,MEGA OPTIC,VI,https://www.france-optique.com/gravures/fournisseur=644
VIPHD,STANDARD,INCONNU,STANDARD,14,14,OUI,OUI,ORGANIQUE,1.59,MEGA OPTIC,VI,https://www.france-optique.com/gravures/fournisseur=644
VIPHD,STANDARD,INCONNU,STANDARD,14,14,OUI,OUI,ORGANIQUE,1.6,MEGA OPTIC,VI,https://www.france-optique.com/gravures/fournisseur=644
VIPHD,STANDARD,INCONNU,STANDARD,14,14,OUI,OUI,ORGANIQUE,1.67,MEGA OPTIC,VI,https://www.france-optique.com/gravures/fournisseur=644
VIPHD,STANDARD,INCONNU,STANDARD,14,14,OUI,OUI,ORGANIQUE,1.74,MEGA OPTIC,VI,https://www.france-optique.com/gravures/fournisseur=644
AGILAHD,STANDARD,INCONNU,STANDARD,14,14,OUI,OUI,ORGANIQUE,1.5,MEGA OPTIC,AG/AGm,https://www.france-optique.com/gravures/fournisseur=644
AGILAHD,STANDARD,INCONNU,STANDARD,14,14,OUI,OUI,ORGANIQUE,1.6,MEGA OPTIC,AG/AGm,https://www.france-optique.com/gravures/fournisseur=644
PRISMAHD,STANDARD,INCONNU,STANDARD,14,14,OUI,OUI,ORGANIQUE,1.5,MEGA OPTIC,PR/PRm,https://www.france-optique.com/gravures/fournisseur=644
PRISMAHD,STANDARD,INCONNU,STANDARD,14,14,OUI,OUI,ORGANIQUE,1.59,MEGA OPTIC,PR/PRm,https://www.france-optique.com/gravures/fournisseur=644
PRISMAHD,STANDARD,INCONNU,STANDARD,14,14,OUI,OUI,ORGANIQUE,1.6,MEGA OPTIC,PR/PRm,https://www.france-optique.com/gravures/fournisseur=644
PRISMAHD,STANDARD,INCONNU,STANDARD,14,14,OUI,OUI,ORGANIQUE,1.67,MEGA OPTIC,PR/PRm,https://www.france-optique.com/gravures/fournisseur=644
PRISMAHD,STANDARD,INCONNU,STANDARD,14,14,OUI,OUI,ORGANIQUE,1.74,MEGA OPTIC,PR/PRm,https://www.france-optique.com/gravures/fournisseur=644
PSEHD,STANDARD,INCONNU,STANDARD,14,14,OUI,OUI,ORGANIQUE,1.5,MEGA OPTIC,PS/PSm,https://www.france-optique.com/gravures/fournisseur=644
PSEHD,STANDARD,INCONNU,STANDARD,14,14,OUI,OUI,ORGANIQUE,1.59,MEGA OPTIC,PS/PSm,https://www.france-optique.com/gravures/fournisseur=644
PSEHD,STANDARD,INCONNU,STANDARD,14,14,OUI,OUI,ORGANIQUE,1.6,MEGA OPTIC,PS/PSm,https://www.france-optique.com/gravures/fournisseur=644
PSEHD,STANDARD,INCONNU,STANDARD,14,14,OUI,OUI,ORGANIQUE,1.67,MEGA OPTIC,PS/PSm,https://www.france-optique.com/gravures/fournisseur=644
POWER,STANDARD,INCONNU,STANDARD,14,14,OUI,OUI,ORGANIQUE,1.5,MEGA OPTIC,PW,https://www.france-optique.com/gravures/fournisseur=644
POWER,STANDARD,INCONNU,STANDARD,14,14,OUI,OUI,ORGANIQUE,1.53,MEGA OPTIC,PW,https://www.france-optique.com/gravures/fournisseur=644
POWER,STANDARD,INCONNU,STANDARD,14,14,OUI,OUI,ORGANIQUE,1.59,MEGA OPTIC,PW,https://www.france-optique.com/gravures/fournisseur=644
POWER,STANDARD,INCONNU,STANDARD,14,14,OUI,OUI,ORGANIQUE,1.6,MEGA OPTIC,PW,https://www.france-optique.com/gravures/fournisseur=644
POWER,STANDARD,INCONNU,STANDARD,14,14,OUI,OUI,ORGANIQUE,1.67,MEGA OPTIC,PW,https://www.france-optique.com/gravures/fournisseur=644
POWER,STANDARD,INCONNU,STANDARD,14,14,OUI,OUI,ORGANIQUE,1.74,MEGA OPTIC,PW,https://www.france-optique.com/gravures/fournisseur=644
E-TOUCH,STANDARD,INCONNU,STANDARD,14,14,OUI,OUI,ORGANIQUE,1.5,MEGA OPTIC,ET,https://www.france-optique.com/gravures/fournisseur=644
E-TOUCH,STANDARD,INCONNU,STANDARD,14,14,OUI,OUI,ORGANIQUE,1.6,MEGA OPTIC,ET,https://www.france-optique.com/gravures/fournisseur=644
E-TOUCH,STANDARD,INCONNU,STANDARD,14,14,OUI,OUI,ORGANIQUE,1.67,MEGA OPTIC,ET,https://www.france-optique.com/gravures/fournisseur=644
€SPRIX,STANDARD,INCONNU,STANDARD,14,14,OUI,OUI,ORGANIQUE,1.5,MEGA OPTIC,"ESPmdF
ESPmdA
ESPmdM",https://www.france-optique.com/gravures/fournisseur=644
€SPRIX,STANDARD,INCONNU,STANDARD,14,14,OUI,OUI,ORGANIQUE,1.6,MEGA OPTIC,"ESPmdF
ESPmdA
ESPmdM",https://www.france-optique.com/gravures/fournisseur=644
€SPRIX,STANDARD,INCONNU,STANDARD,14,14,OUI,OUI,ORGANIQUE,1.67,MEGA OPTIC,"ESPmdF
ESPmdA
ESPmdM",https://www.france-optique.com/gravures/fournisseur=644
€SPRIX,STANDARD,INCONNU,STANDARD,14,14,OUI,OUI,ORGANIQUE,1.74,MEGA OPTIC,"ESPmdF
ESPmdA
ESPmdM",https://www.france-optique.com/gravures/fournisseur=644
€SPRIX,STANDARD,INCONNU,STANDARD,14,14,OUI,OUI,ORGANIQUE,1.5,MEGA OPTIC,ESP/ESPm,https://www.france-optique.com/gravures/fournisseur=644
€SPRIX,STANDARD,INCONNU,STANDARD,14,14,OUI,OUI,ORGANIQUE,1.59,MEGA OPTIC,ESP/ESPm,https://www.france-optique.com/gravures/fournisseur=644
€SPRIX,STANDARD,INCONNU,STANDARD,14,14,OUI,OUI,ORGANIQUE,1.6,MEGA OPTIC,ESP/ESPm,https://www.france-optique.com/gravures/fournisseur=644
€SPRIX,STANDARD,INCONNU,STANDARD,14,14,OUI,OUI,ORGANIQUE,1.67,MEGA OPTIC,ESP/ESPm,https://www.france-optique.com/gravures/fournisseur=644
€SPRIX,STANDARD,INCONNU,STANDARD,14,14,OUI,OUI,ORGANIQUE,1.74,MEGA OPTIC,ESP/ESPm,https://www.france-optique.com/gravures/fournisseur=644
IDEO,STANDARD,INCONNU,STANDARD,14,14,OUI,OUI,ORGANIQUE,1.5,MEGA OPTIC,ID,https://www.france-optique.com/gravures/fournisseur=644
IDEO,STANDARD,INCONNU,STANDARD,14,14,OUI,OUI,ORGANIQUE,1.6,MEGA OPTIC,ID,https://www.france-optique.com/gravures/fournisseur=644
IDEO,STANDARD,INCONNU,STANDARD,14,14,OUI,OUI,ORGANIQUE,1.67,MEGA OPTIC,ID,https://www.france-optique.com/gravures/fournisseur=644
IDEO,STANDARD,INCONNU,STANDARD,14,14,OUI,OUI,ORGANIQUE,1.74,MEGA OPTIC,ID,https://www.france-optique.com/gravures/fournisseur=644
MOVILENS,STANDARD,INCONNU,STANDARD,14,14,OUI,OUI,ORGANIQUE,1.5,MEGA OPTIC,MO,https://www.france-optique.com/gravures/fournisseur=644
MOVILENS,STANDARD,INCONNU,STANDARD,14,14,OUI,OUI,ORGANIQUE,1.6,MEGA OPTIC,MO,https://www.france-optique.com/gravures/fournisseur=644
MOVILENS,STANDARD,INCONNU,STANDARD,14,14,OUI,OUI,ORGANIQUE,1.67,MEGA OPTIC,MO,https://www.france-optique.com/gravures/fournisseur=644
MOVILENS,STANDARD,INCONNU,STANDARD,14,14,OUI,OUI,ORGANIQUE,1.74,MEGA OPTIC,MO,https://www.france-optique.com/gravures/fournisseur=644
OFFICEHD,STANDARD,INCONNU,STANDARD,14,14,OUI,OUI,ORGANIQUE,1.5,MEGA OPTIC,OF,https://www.france-optique.com/gravures/fournisseur=644
OFFICEHD,STANDARD,INCONNU,STANDARD,14,14,OUI,OUI,ORGANIQUE,1.53,MEGA OPTIC,OF,https://www.france-optique.com/gravures/fournisseur=644
OFFICEHD,STANDARD,INCONNU,STANDARD,14,14,OUI,OUI,ORGANIQUE,1.59,MEGA OPTIC,OF,https://www.france-optique.com/gravures/fournisseur=644
OFFICEHD,STANDARD,INCONNU,STANDARD,14,14,OUI,OUI,ORGANIQUE,1.6,MEGA OPTIC,OF,https://www.france-optique.com/gravures/fournisseur=644
OFFICEHD,STANDARD,INCONNU,STANDARD,14,14,OUI,OUI,ORGANIQUE,1.67,MEGA OPTIC,OF,https://www.france-optique.com/gravures/fournisseur=644
OFFICEHD,STANDARD,INCONNU,STANDARD,14,14,OUI,OUI,ORGANIQUE,1.74,MEGA OPTIC,OF,https://www.france-optique.com/gravures/fournisseur=644
STRESS-LESS,STANDARD,INCONNU,STANDARD,14,14,OUI,OUI,ORGANIQUE,1.5,MEGA OPTIC,SL,https://www.france-optique.com/gravures/fournisseur=644
STRESS-LESS,STANDARD,INCONNU,STANDARD,14,14,OUI,OUI,ORGANIQUE,1.53,MEGA OPTIC,SL,https://www.france-optique.com/gravures/fournisseur=644
STRESS-LESS,STANDARD,INCONNU,STANDARD,14,14,OUI,OUI,ORGANIQUE,1.59,MEGA OPTIC,SL,https://www.france-optique.com/gravures/fournisseur=644
STRESS-LESS,STANDARD,INCONNU,STANDARD,14,14,OUI,OUI,ORGANIQUE,1.6,MEGA OPTIC,SL,https://www.france-optique.com/gravures/fournisseur=644
STRESS-LESS,STANDARD,INCONNU,STANDARD,14,14,OUI,OUI,ORGANIQUE,1.67,MEGA OPTIC,SL,https://www.france-optique.com/gravures/fournisseur=644
STRESS-LESS,STANDARD,INCONNU,STANDARD,14,14,OUI,OUI,ORGANIQUE,1.74,MEGA OPTIC,SL,https://www.france-optique.com/gravures/fournisseur=644
OrgaINDIVIDUAL,STANDARD,INCONNU,STANDARD,14,14,OUI,OUI,ORGANIQUE,1.5,MEGA OPTIC,OI,https://www.france-optique.com/gravures/fournisseur=644
OrgaINDIVIDUAL,STANDARD,INCONNU,STANDARD,14,14,OUI,OUI,ORGANIQUE,1.53,MEGA OPTIC,OI,https://www.france-optique.com/gravures/fournisseur=644
OrgaINDIVIDUAL,STANDARD,INCONNU,STANDARD,14,14,OUI,OUI,ORGANIQUE,1.59,MEGA OPTIC,OI,https://www.france-optique.com/gravures/fournisseur=644
OrgaINDIVIDUAL,STANDARD,INCONNU,STANDARD,14,14,OUI,OUI,ORGANIQUE,1.6,MEGA OPTIC,OI,https://www.france-optique.com/gravures/fournisseur=644
OrgaINDIVIDUAL,STANDARD,INCONNU,STANDARD,14,14,OUI,OUI,ORGANIQUE,1.67,MEGA OPTIC,OI,https://www.france-optique.com/gravures/fournisseur=644
OrgaINDIVIDUAL,STANDARD,INCONNU,STANDARD,14,14,OUI,OUI,ORGANIQUE,1.74,MEGA OPTIC,OI,https://www.france-optique.com/gravures/fournisseur=644
VIPSPORT,STANDARD,INCONNU,STANDARD,14,14,OUI,OUI,ORGANIQUE,1.5,MEGA OPTIC,VS,https://www.france-optique.com/gravures/fournisseur=644
VIPSPORT,STANDARD,INCONNU,STANDARD,14,14,OUI,OUI,ORGANIQUE,1.53,MEGA OPTIC,VS,https://www.france-optique.com/gravures/fournisseur=644
VIPSPORT,STANDARD,INCONNU,STANDARD,14,14,OUI,OUI,ORGANIQUE,1.59,MEGA OPTIC,VS,https://www.france-optique.com/gravures/fournisseur=644
VIPSPORT,STANDARD,INCONNU,STANDARD,14,14,OUI,OUI,ORGANIQUE,1.6,MEGA OPTIC,VS,https://www.france-optique.com/gravures/fournisseur=644
VIPSPORT,STANDARD,INCONNU,STANDARD,14,14,OUI,OUI,ORGANIQUE,1.67,MEGA OPTIC,VS,https://www.france-optique.com/gravures/fournisseur=644
VIPSPORT,STANDARD,INCONNU,STANDARD,14,14,OUI,OUI,ORGANIQUE,1.74,MEGA OPTIC,VS,https://www.france-optique.com/gravures/fournisseur=644
OrgaSPORT,STANDARD,INCONNU,STANDARD,14,14,OUI,OUI,ORGANIQUE,1.5,MEGA OPTIC,OS,https://www.france-optique.com/gravures/fournisseur=644
OrgaSPORT,STANDARD,INCONNU,STANDARD,14,14,OUI,OUI,ORGANIQUE,1.53,MEGA OPTIC,OS,https://www.france-optique.com/gravures/fournisseur=644
OrgaSPORT,STANDARD,INCONNU,STANDARD,14,14,OUI,OUI,ORGANIQUE,1.59,MEGA OPTIC,OS,https://www.france-optique.com/gravures/fournisseur=644
OrgaSPORT,STANDARD,INCONNU,STANDARD,14,14,OUI,OUI,ORGANIQUE,1.6,MEGA OPTIC,OS,https://www.france-optique.com/gravures/fournisseur=644
OrgaSPORT,STANDARD,INCONNU,STANDARD,14,14,OUI,OUI,ORGANIQUE,1.67,MEGA OPTIC,OS,https://www.france-optique.com/gravures/fournisseur=644
OrgaSPORT,STANDARD,INCONNU,STANDARD,14,14,OUI,OUI,ORGANIQUE,1.74,MEGA OPTIC,OS,https://www.france-optique.com/gravures/fournisseur=644
PERSONNAHD,STANDARD,INCONNU,STANDARD,14,14,OUI,OUI,ORGANIQUE,1.5,MEGA OPTIC,PN,https://www.france-optique.com/gravures/fournisseur=644
PERSONNAHD,STANDARD,INCONNU,STANDARD,14,14,OUI,OUI,ORGANIQUE,1.6,MEGA OPTIC,PN,https://www.france-optique.com/gravures/fournisseur=644
PERSONNAHD,STANDARD,INCONNU,STANDARD,14,14,OUI,OUI,ORGANIQUE,1.67,MEGA OPTIC,PN,https://www.france-optique.com/gravures/fournisseur=644
PERSONNAHD,STANDARD,INCONNU,STANDARD,14,14,OUI,OUI,ORGANIQUE,1.74,MEGA OPTIC,PN,https://www.france-optique.com/gravures/fournisseur=644
PERFORMANCEHD,STANDARD,INCONNU,STANDARD,14,14,OUI,OUI,ORGANIQUE,1.5,MEGA OPTIC,PF,https://www.france-optique.com/gravures/fournisseur=644
PERFORMANCEHD,STANDARD,INCONNU,STANDARD,14,14,OUI,OUI,ORGANIQUE,1.6,MEGA OPTIC,PF,https://www.france-optique.com/gravures/fournisseur=644
PERFORMANCEHD,STANDARD,INCONNU,STANDARD,14,14,OUI,OUI,ORGANIQUE,1.67,MEGA OPTIC,PF,https://www.france-optique.com/gravures/fournisseur=644
PERFORMANCEHD,STANDARD,INCONNU,STANDARD,14,14,OUI,OUI,ORGANIQUE,1.74,MEGA OPTIC,PF,https://www.france-optique.com/gravures/fournisseur=644
