source_url,glass_name,nasal_engraving,glass_index,material,glass_supplier_name,image_engraving
https://www.france-optique.com/fournisseur/1488-hephilens,Camber Freestyle,CFXA<br/> CORRIDOR,1.5 - 1.56 - 1.6 - 1.67 - 1.74,ORG,Gravures de verres de HEPHILENS,
https://www.france-optique.com/fournisseur/1488-hephilens,Camber Freestyle,CFXA <br/> CORRIDOR,1.53,TVX,Gravures de verres de HEPHILENS,
https://www.france-optique.com/fournisseur/1488-hephilens,Camber Freestyle,CFXA <br/> CORRIDOR,1.59,POLY,Gravures de verres de HEPHILENS,
https://www.france-optique.com/fournisseur/1488-hephilens,Innovator Individual,IIA <br/> CORRIDOR,1.53,TVX,Gravures de verres de HEPHILENS,
https://www.france-optique.com/fournisseur/1488-hephilens,Innovator Individual,IIA <br/> CORRIDOR,1.5 - 1.56 - 1.6 - 1.67 - 1.74,ORG,Gravures de verres de HEPHILENS,
https://www.france-optique.com/fournisseur/1488-hephilens,Innovator Individual,IIA <br/> CORRIDOR,1.59,POLY,Gravures de verres de HEPHILENS,
https://www.france-optique.com/fournisseur/1488-hephilens,Innovator Plus,IPA <br/> CORRIDOR,1.5 - 1.56 - 1.6 - 1.67 - 1.74,ORG,Gravures de verres de HEPHILENS,
https://www.france-optique.com/fournisseur/1488-hephilens,Innovator Plus,IPA <br/> CORRIDOR,1.53,TVX,Gravures de verres de HEPHILENS,
https://www.france-optique.com/fournisseur/1488-hephilens,Innovator Plus,IPA <br/> CORRIDOR,1.59,POLY,Gravures de verres de HEPHILENS,
https://www.france-optique.com/fournisseur/1488-hephilens,Innovator,ISA <br/> CORRIDOR,1.5 - 1.56 - 1.6 - 1.67 - 1.74,ORG,Gravures de verres de HEPHILENS,
https://www.france-optique.com/fournisseur/1488-hephilens,Innovator,ISA <br/> CORRIDOR,1.53,TVX,Gravures de verres de HEPHILENS,
https://www.france-optique.com/fournisseur/1488-hephilens,Innovator,ISA <br/> CORRIDOR,1.59,POLY,Gravures de verres de HEPHILENS,
https://www.france-optique.com/fournisseur/1488-hephilens,Innovator Computer,ICA <br/> CORRIDOR,1.5 - 1.56 - 1.6 - 1.67 - 1.74,ORG,Gravures de verres de HEPHILENS,
https://www.france-optique.com/fournisseur/1488-hephilens,Innovator Computer,ICA <br/> CORRIDOR,1.53,TVX,Gravures de verres de HEPHILENS,
https://www.france-optique.com/fournisseur/1488-hephilens,Innovator Computer,ICA <br/> CORRIDOR,1.59,POLY,Gravures de verres de HEPHILENS,
https://www.france-optique.com/fournisseur/1488-hephilens,Innovator Desktop,IDA <br/> CORRIDOR,1.5 - 1.56 - 1.6 - 1.67 - 1.74,ORG,Gravures de verres de HEPHILENS,
https://www.france-optique.com/fournisseur/1488-hephilens,Innovator Desktop,IDA <br/> CORRIDOR,1.53,TVX,Gravures de verres de HEPHILENS,
https://www.france-optique.com/fournisseur/1488-hephilens,Innovator Desktop,IDA <br/> CORRIDOR,1.59,POLY,Gravures de verres de HEPHILENS,
https://www.france-optique.com/fournisseur/1488-hephilens,Innovator Office,IOA <br/> CORRIDOR,1.5 - 1.56 - 1.6 - 1.67 - 1.74,ORG,Gravures de verres de HEPHILENS,
https://www.france-optique.com/fournisseur/1488-hephilens,Innovator Office,IOA <br/> CORRIDOR,1.59,POLY,Gravures de verres de HEPHILENS,
https://www.france-optique.com/fournisseur/1488-hephilens,Innovator Office,IOA <br/> CORRIDOR,1.53,TVX,Gravures de verres de HEPHILENS,
https://www.france-optique.com/fournisseur/1488-hephilens,Innovator Home,IHA <br/> CORRIDOR,1.5 - 1.56 - 1.6 - 1.67 - 1.74,ORG,Gravures de verres de HEPHILENS,
https://www.france-optique.com/fournisseur/1488-hephilens,Innovator Home,IHA <br/> CORRIDOR,1.59,POLY,Gravures de verres de HEPHILENS,
https://www.france-optique.com/fournisseur/1488-hephilens,Innovator Home,IHA <br/> CORRIDOR,1.53,TVX,Gravures de verres de HEPHILENS,
https://www.france-optique.com/fournisseur/1488-hephilens,Camber Computer,CCA <br/> CORRIDOR,1.5 - 1.56 - 1.6 - 1.67 - 1.74,ORG,Gravures de verres de HEPHILENS,
https://www.france-optique.com/fournisseur/1488-hephilens,Camber Computer,CCA <br/> CORRIDOR,1.59,POLY,Gravures de verres de HEPHILENS,
https://www.france-optique.com/fournisseur/1488-hephilens,Camber Computer,CCA <br/> CORRIDOR,1.53,TVX,Gravures de verres de HEPHILENS,
https://www.france-optique.com/fournisseur/1488-hephilens,Camber Desktop,CDA <br/> CORRIDOR,1.59,POLY,Gravures de verres de HEPHILENS,
https://www.france-optique.com/fournisseur/1488-hephilens,Camber Desktop,CDA <br/> CORRIDOR,1.53,TVX,Gravures de verres de HEPHILENS,
https://www.france-optique.com/fournisseur/1488-hephilens,Camber Desktop,CDA <br/> CORRIDOR,1.5 - 1.56 - 1.6 - 1.67 - 1.74,ORG,Gravures de verres de HEPHILENS,
https://www.france-optique.com/fournisseur/1488-hephilens,Camber Office,COA <br/> CORRIDOR,1.5 - 1.56 - 1.6 - 1.67 - 1.74,ORG,Gravures de verres de HEPHILENS,
https://www.france-optique.com/fournisseur/1488-hephilens,Camber Office,COA <br/> CORRIDOR,1.59,POLY,Gravures de verres de HEPHILENS,
https://www.france-optique.com/fournisseur/1488-hephilens,Camber Office,COA <br/> CORRIDOR,1.53,TVX,Gravures de verres de HEPHILENS,
https://www.france-optique.com/fournisseur/1488-hephilens,Camber Home,CHA <br/> CORRIDOR,1.59,POLY,Gravures de verres de HEPHILENS,
https://www.france-optique.com/fournisseur/1488-hephilens,Camber Home,CHA <br/> CORRIDOR,1.53,TVX,Gravures de verres de HEPHILENS,
https://www.france-optique.com/fournisseur/1488-hephilens,Camber Home,CHA <br/> CORRIDOR,1.5 - 1.56 - 1.6 - 1.67 - 1.74,ORG,Gravures de verres de HEPHILENS,
https://www.france-optique.com/fournisseur/1488-hephilens,Facile,FA,1.5 - 1.56 - 1.6 - 1.67 - 1.74,ORG,Gravures de verres de HEPHILENS,
https://www.france-optique.com/fournisseur/1488-hephilens,Facile,FA,1.59,POLY,Gravures de verres de HEPHILENS,
https://www.france-optique.com/fournisseur/1488-hephilens,Facile,FA,1.53,TVX,Gravures de verres de HEPHILENS,
https://www.france-optique.com/fournisseur/1488-hephilens,ProDrive,PDA <br/> CORRIDOR,1.59,POLY,Gravures de verres de HEPHILENS,
https://www.france-optique.com/fournisseur/1488-hephilens,ProDrive,PDA <br/> CORRIDOR,1.53,TVX,Gravures de verres de HEPHILENS,
https://www.france-optique.com/fournisseur/1488-hephilens,ProDrive,PDA <br/> CORRIDOR,1.5 - 1.56 - 1.6 - 1.67 - 1.74,ORG,Gravures de verres de HEPHILENS,
https://www.france-optique.com/fournisseur/1488-hephilens,Bifocal Digital,BDA,1.5 - 1.56 - 1.6 - 1.67 - 1.74,ORG,Gravures de verres de HEPHILENS,
https://www.france-optique.com/fournisseur/1488-hephilens,Bifocal Digital,BDA,1.59,POLY,Gravures de verres de HEPHILENS,
https://www.france-optique.com/fournisseur/1488-hephilens,Bifocal Digital,BDA,1.53,TVX,Gravures de verres de HEPHILENS,
https://www.france-optique.com/fournisseur/1488-hephilens,Single Vision Individual,SVIA,1.5 - 1.56 - 1.6 - 1.67 - 1.74,ORG,Gravures de verres de HEPHILENS,
https://www.france-optique.com/fournisseur/1488-hephilens,Single Vision Individual,SVIA,1.59,POLY,Gravures de verres de HEPHILENS,
https://www.france-optique.com/fournisseur/1488-hephilens,Single Vision Individual,SVIA,1.53,TVX,Gravures de verres de HEPHILENS,
https://www.france-optique.com/fournisseur/1488-hephilens,Single Vision Plus,SVPA,1.53,TVX,Gravures de verres de HEPHILENS,
https://www.france-optique.com/fournisseur/1488-hephilens,Single Vision Plus,SVPA,1.59,POLY,Gravures de verres de HEPHILENS,
https://www.france-optique.com/fournisseur/1488-hephilens,Single Vision Plus,SVPA,1.5 - 1.56 - 1.6 - 1.67 - 1.74,ORG,Gravures de verres de HEPHILENS,
https://www.france-optique.com/fournisseur/1488-hephilens,Single Vision ProDrive,PDA,1.5 - 1.56 - 1.6 - 1.67 - 1.74,ORG,Gravures de verres de HEPHILENS,
https://www.france-optique.com/fournisseur/1488-hephilens,Single Vision ProDrive,PDA,1.59,POLY,Gravures de verres de HEPHILENS,
https://www.france-optique.com/fournisseur/1488-hephilens,Single Vision ProDrive,PDA,1.53,TVX,Gravures de verres de HEPHILENS,
https://www.france-optique.com/fournisseur/1488-hephilens,Perception,PER,1.50 / 1.60 / 1.67,ORG,Gravures de verres de HEPHILENS,
https://www.france-optique.com/fournisseur/1488-hephilens,Perception 770,PER7,1.5 / 1.60 / 1.67 / 1.74,ORG,Gravures de verres de HEPHILENS,
https://www.france-optique.com/fournisseur/1488-hephilens,Perception 770,PER7,1.59,POLY,Gravures de verres de HEPHILENS,
https://www.france-optique.com/fournisseur/1488-hephilens,Myoshield,MYO,1.59,POLY,Gravures de verres de HEPHILENS,
https://www.france-optique.com/fournisseur/1488-hephilens,Myoshield,MYO,1.5 / 1.60 / 1.67 / 1.74,ORG,Gravures de verres de HEPHILENS,
https://www.france-optique.com/fournisseur/1488-hephilens,Perception,PER,1.59,POLY,Gravures de verres de HEPHILENS,
